epoch,step,train_F1,train_OA,train_loss_epoch,train_loss_step,train_mIoU,val_F1,val_OA,val_loss,val_mIoU
0,49,,,,3.6479735374450684,,,,,
0,99,,,,2.7818901538848877,,,,,
0,149,,,,3.0512967109680176,,,,,
0,199,,,,2.6062018871307373,,,,,
0,249,,,,2.8037219047546387,,,,,
0,299,,,,2.5921690464019775,,,,,
0,314,,,,,,0.38527706265449524,0.36491379141807556,3.1043612957000732,0.2631874084472656
0,314,0.41481393575668335,0.5134269595146179,3.404132604598999,,0.2779049873352051,,,,
1,349,,,,2.5611095428466797,,,,,
1,399,,,,2.1251513957977295,,,,,
1,449,,,,2.573895215988159,,,,,
1,499,,,,2.1741397380828857,,,,,
1,549,,,,3.010122776031494,,,,,
1,599,,,,1.7873883247375488,,,,,
1,629,,,,,,0.5196048617362976,0.5941774845123291,1.8724563121795654,0.37499141693115234
1,629,0.6083303689956665,0.6487979292869568,2.221102237701416,,0.4534597396850586,,,,
2,649,,,,2.117550849914551,,,,,
2,699,,,,1.9704148769378662,,,,,
2,749,,,,2.20106840133667,,,,,
2,799,,,,2.2614994049072266,,,,,
2,849,,,,2.401444673538208,,,,,
2,899,,,,1.9998798370361328,,,,,
2,944,,,,,,0.5535541772842407,0.6281964778900146,1.7281535863876343,0.40487152338027954
2,944,0.6563682556152344,0.6701499819755554,2.0174221992492676,,0.4992544651031494,,,,
3,949,,,,2.1577088832855225,,,,,
3,999,,,,1.7702678442001343,,,,,
3,1049,,,,1.6981040239334106,,,,,
3,1099,,,,1.7963142395019531,,,,,
3,1149,,,,1.8399724960327148,,,,,
3,1199,,,,1.8805190324783325,,,,,
3,1249,,,,2.0483412742614746,,,,,
3,1259,,,,,,0.5877506732940674,0.6424590349197388,1.6788551807403564,0.42613154649734497
3,1259,0.6836846470832825,0.691657304763794,1.8949131965637207,,0.5270403027534485,,,,
4,1299,,,,1.5249669551849365,,,,,
4,1349,,,,1.7875803709030151,,,,,
4,1399,,,,1.5305064916610718,,,,,
4,1449,,,,1.6917243003845215,,,,,
4,1499,,,,2.062282085418701,,,,,
4,1549,,,,2.051722526550293,,,,,
4,1574,,,,,,0.6177990436553955,0.6397383213043213,1.6595232486724854,0.45558762550354004
4,1574,0.6976085305213928,0.7071529030799866,1.8229230642318726,,0.5437195897102356,,,,
5,1599,,,,1.3847815990447998,,,,,
5,1649,,,,1.725778341293335,,,,,
5,1699,,,,1.530205249786377,,,,,
5,1749,,,,1.7152262926101685,,,,,
5,1799,,,,1.8649742603302002,,,,,
5,1849,,,,1.7745214700698853,,,,,
5,1889,,,,,,0.5746606588363647,0.5946621894836426,1.8905645608901978,0.4131273627281189
5,1889,0.7094899415969849,0.7129595875740051,1.76007080078125,,0.5557758808135986,,,,
6,1899,,,,1.85440194606781,,,,,
6,1949,,,,1.8497614860534668,,,,,
6,1999,,,,2.040518045425415,,,,,
6,2049,,,,2.229722738265991,,,,,
6,2099,,,,1.4831359386444092,,,,,
6,2149,,,,1.951585054397583,,,,,
6,2199,,,,1.6249418258666992,,,,,
6,2204,,,,,,0.5784552097320557,0.6485657095909119,1.6965469121932983,0.43059152364730835
6,2204,0.7149403691291809,0.720819354057312,1.7314757108688354,,0.5630643963813782,,,,
7,2249,,,,1.520624041557312,,,,,
7,2299,,,,1.9583840370178223,,,,,
7,2349,,,,1.4709798097610474,,,,,
7,2399,,,,1.5956896543502808,,,,,
7,2449,,,,1.5908490419387817,,,,,
7,2499,,,,1.5786257982254028,,,,,
7,2519,,,,,,0.6219524145126343,0.6158873438835144,1.7187846899032593,0.4598957598209381
7,2519,0.7255128026008606,0.7254096865653992,1.6861618757247925,,0.574773371219635,,,,
8,2549,,,,1.3762931823730469,,,,,
8,2599,,,,1.380239486694336,,,,,
8,2649,,,,1.8800113201141357,,,,,
8,2699,,,,1.4297614097595215,,,,,
8,2749,,,,1.597041130065918,,,,,
8,2799,,,,1.7639055252075195,,,,,
8,2834,,,,,,0.6612330079078674,0.6953451633453369,1.4700181484222412,0.5042546391487122
8,2834,0.7297216653823853,0.7319638133049011,1.6551562547683716,,0.5805025696754456,,,,
9,2849,,,,1.9235954284667969,,,,,
9,2899,,,,1.6827819347381592,,,,,
9,2949,,,,1.6347156763076782,,,,,
9,2999,,,,1.334580898284912,,,,,
9,3049,,,,1.5256606340408325,,,,,
9,3099,,,,1.5550953149795532,,,,,
9,3149,,,,1.7111332416534424,,,,,
9,3149,,,,,,0.632245659828186,0.6569761037826538,1.6072665452957153,0.4725204408168793
9,3149,0.7352644205093384,0.7370390295982361,1.6237688064575195,,0.5873213410377502,,,,
10,3199,,,,1.2981860637664795,,,,,
10,3249,,,,1.9560211896896362,,,,,
10,3299,,,,1.8701579570770264,,,,,
10,3349,,,,1.820171594619751,,,,,
10,3399,,,,1.808809518814087,,,,,
10,3449,,,,1.5753976106643677,,,,,
10,3464,,,,,,0.6363261342048645,0.6772104501724243,1.5684220790863037,0.4817323684692383
10,3464,0.7427998781204224,0.7450600266456604,1.5879167318344116,,0.5962309837341309,,,,
11,3499,,,,1.4072129726409912,,,,,
11,3549,,,,1.4631465673446655,,,,,
11,3599,,,,1.3571349382400513,,,,,
11,3649,,,,1.5957914590835571,,,,,
11,3699,,,,1.5150011777877808,,,,,
11,3749,,,,1.7090656757354736,,,,,
11,3779,,,,,,0.6372196078300476,0.6565399169921875,1.6559112071990967,0.47524988651275635
11,3779,0.7482728362083435,0.7479252815246582,1.5738250017166138,,0.6027659177780151,,,,
12,3799,,,,1.5285931825637817,,,,,
12,3849,,,,1.7805081605911255,,,,,
12,3899,,,,1.3238093852996826,,,,,
12,3949,,,,1.8113244771957397,,,,,
12,3999,,,,1.451877236366272,,,,,
12,4049,,,,1.3731094598770142,,,,,
12,4094,,,,,,0.6304943561553955,0.660791277885437,1.714612603187561,0.47255149483680725
12,4094,0.7525373101234436,0.7542378306388855,1.531188726425171,,0.6088380813598633,,,,
13,4099,,,,1.372816562652588,,,,,
13,4149,,,,1.3777140378952026,,,,,
13,4199,,,,1.7149033546447754,,,,,
13,4249,,,,1.364396572113037,,,,,
13,4299,,,,1.810221791267395,,,,,
13,4349,,,,1.5069639682769775,,,,,
13,4399,,,,1.6526552438735962,,,,,
13,4409,,,,,,0.6480708718299866,0.6718653440475464,1.580668330192566,0.48819515109062195
13,4409,0.7549396753311157,0.7516981363296509,1.5396289825439453,,0.6110426187515259,,,,
14,4449,,,,1.215657114982605,,,,,
14,4499,,,,1.2552385330200195,,,,,
14,4549,,,,1.5373878479003906,,,,,
14,4599,,,,1.263271689414978,,,,,
14,4649,,,,1.4867775440216064,,,,,
14,4699,,,,1.7656865119934082,,,,,
14,4724,,,,,,0.6602680683135986,0.6717762351036072,1.6275850534439087,0.5001673698425293
14,4724,0.7578305602073669,0.7566096782684326,1.5287576913833618,,0.6148197650909424,,,,
15,4749,,,,1.2392566204071045,,,,,
15,4799,,,,1.791705846786499,,,,,
15,4849,,,,1.3415167331695557,,,,,
15,4899,,,,1.5300885438919067,,,,,
15,4949,,,,1.4026576280593872,,,,,
15,4999,,,,1.2456090450286865,,,,,
15,5039,,,,,,0.6622306108474731,0.6952728629112244,1.507214903831482,0.5072973966598511
15,5039,0.7591513395309448,0.7591184973716736,1.510344386100769,,0.616578996181488,,,,
16,5049,,,,1.5278726816177368,,,,,
16,5099,,,,1.5747356414794922,,,,,
16,5149,,,,1.483396053314209,,,,,
16,5199,,,,1.3652052879333496,,,,,
16,5249,,,,1.5052578449249268,,,,,
16,5299,,,,1.2407150268554688,,,,,
16,5349,,,,1.884009838104248,,,,,
16,5354,,,,,,0.6428409218788147,0.6736158132553101,1.5849617719650269,0.4875932037830353
16,5354,0.7609919905662537,0.7600314021110535,1.5308843851089478,,0.6186467409133911,,,,
17,5399,,,,1.2057960033416748,,,,,
17,5449,,,,1.4281197786331177,,,,,
17,5499,,,,1.3864593505859375,,,,,
17,5549,,,,1.2604329586029053,,,,,
17,5599,,,,1.7837928533554077,,,,,
17,5649,,,,1.1895416975021362,,,,,
17,5669,,,,,,0.6502688527107239,0.6814008355140686,1.555416226387024,0.49349960684776306
17,5669,0.7691991329193115,0.7680726647377014,1.4953536987304688,,0.6295698285102844,,,,
18,5699,,,,1.7910791635513306,,,,,
18,5749,,,,1.440974473953247,,,,,
18,5799,,,,1.8961353302001953,,,,,
18,5849,,,,1.420064091682434,,,,,
18,5899,,,,1.3130276203155518,,,,,
18,5949,,,,1.3358793258666992,,,,,
18,5984,,,,,,0.6510604023933411,0.6895633339881897,1.522270679473877,0.4932847321033478
18,5984,0.770424485206604,0.7696292996406555,1.501663327217102,,0.6309029459953308,,,,
19,5999,,,,1.9165523052215576,,,,,
19,6049,,,,1.36171555519104,,,,,
19,6099,,,,1.530517578125,,,,,
19,6149,,,,1.4763860702514648,,,,,
19,6199,,,,1.4788894653320312,,,,,
19,6249,,,,1.7534353733062744,,,,,
19,6299,,,,1.3210346698760986,,,,,
19,6299,,,,,,0.62913978099823,0.6916939616203308,1.5288981199264526,0.48075345158576965
19,6299,0.772350013256073,0.7717995047569275,1.5120391845703125,,0.6338785886764526,,,,
20,6349,,,,1.4756364822387695,,,,,
20,6399,,,,1.3690190315246582,,,,,
20,6449,,,,1.5832736492156982,,,,,
20,6499,,,,1.5263928174972534,,,,,
20,6549,,,,1.5058633089065552,,,,,
20,6599,,,,1.7330105304718018,,,,,
20,6614,,,,,,0.6376155614852905,0.680340051651001,1.552991271018982,0.48569923639297485
20,6614,0.7794368863105774,0.7744608521461487,1.4756838083267212,,0.642268180847168,,,,
21,6649,,,,1.2940783500671387,,,,,
21,6699,,,,1.3541322946548462,,,,,
21,6749,,,,1.662835955619812,,,,,
21,6799,,,,1.3049452304840088,,,,,
21,6849,,,,1.4186086654663086,,,,,
21,6899,,,,1.3130210638046265,,,,,
21,6929,,,,,,0.6533684730529785,0.6912291646003723,1.5614420175552368,0.4972764253616333
21,6929,0.777143120765686,0.7750306129455566,1.4474194049835205,,0.6396760940551758,,,,
22,6949,,,,1.3362059593200684,,,,,
22,6999,,,,1.4115283489227295,,,,,
22,7049,,,,1.6649409532546997,,,,,
22,7099,,,,1.5531845092773438,,,,,
22,7149,,,,1.4813672304153442,,,,,
22,7199,,,,1.7399684190750122,,,,,
22,7244,,,,,,0.6496231555938721,0.6848422288894653,1.635749340057373,0.493256151676178
22,7244,0.7786378860473633,0.7780506014823914,1.4700011014938354,,0.6421062350273132,,,,
23,7249,,,,1.4564218521118164,,,,,
23,7299,,,,1.8987414836883545,,,,,
23,7349,,,,1.4525861740112305,,,,,
23,7399,,,,1.6205196380615234,,,,,
23,7449,,,,1.446587085723877,,,,,
23,7499,,,,1.380333662033081,,,,,
23,7549,,,,1.380771279335022,,,,,
23,7559,,,,,,0.6576284766197205,0.6924179792404175,1.514797329902649,0.5042273998260498
23,7559,0.7817140221595764,0.7800291776657104,1.4674922227859497,,0.6458609104156494,,,,
24,7599,,,,1.3561019897460938,,,,,
24,7649,,,,1.5499345064163208,,,,,
24,7699,,,,0.9929409623146057,,,,,
24,7749,,,,1.7792891263961792,,,,,
24,7799,,,,1.67531418800354,,,,,
24,7849,,,,1.512958288192749,,,,,
24,7874,,,,,,0.6571294069290161,0.6945854425430298,1.5728836059570312,0.5021955966949463
24,7874,0.788042426109314,0.7854250073432922,1.4478907585144043,,0.6538461446762085,,,,
25,7899,,,,1.2116222381591797,,,,,
25,7949,,,,1.2837162017822266,,,,,
25,7999,,,,1.476139783859253,,,,,
25,8049,,,,1.562028169631958,,,,,
25,8099,,,,1.436737298965454,,,,,
25,8149,,,,1.4934731721878052,,,,,
25,8189,,,,,,0.6535309553146362,0.7033342123031616,1.491621494293213,0.5006891489028931
25,8189,0.7892733812332153,0.7864474654197693,1.4478634595870972,,0.6556814908981323,,,,
26,8199,,,,1.2356821298599243,,,,,
26,8249,,,,1.377801775932312,,,,,
26,8299,,,,1.499297022819519,,,,,
26,8349,,,,1.1458351612091064,,,,,
26,8399,,,,1.1793861389160156,,,,,
26,8449,,,,1.5334336757659912,,,,,
26,8499,,,,1.0341784954071045,,,,,
26,8504,,,,,,0.6585947871208191,0.7018983960151672,1.5656131505966187,0.5032743811607361
26,8504,0.7914652228355408,0.7885118126869202,1.4528918266296387,,0.6586229205131531,,,,
27,8549,,,,1.6890581846237183,,,,,
27,8599,,,,1.2157410383224487,,,,,
27,8649,,,,1.558182954788208,,,,,
27,8699,,,,1.7311078310012817,,,,,
27,8749,,,,1.212923288345337,,,,,
27,8799,,,,1.8321936130523682,,,,,
27,8819,,,,,,0.6597483158111572,0.6776926517486572,1.6763606071472168,0.5013035535812378
27,8819,0.7913787364959717,0.7884756922721863,1.4493346214294434,,0.6584053039550781,,,,
28,8849,,,,1.2532963752746582,,,,,
28,8899,,,,2.02211856842041,,,,,
28,8949,,,,1.4068931341171265,,,,,
28,8999,,,,1.49423086643219,,,,,
28,9049,,,,1.2961236238479614,,,,,
28,9099,,,,1.6155531406402588,,,,,
28,9134,,,,,,0.6561613082885742,0.6872683763504028,1.5931713581085205,0.49697345495224
28,9134,0.7948475480079651,0.7894905209541321,1.4203081130981445,,0.6630015969276428,,,,
29,9149,,,,1.274337649345398,,,,,
29,9199,,,,1.3498271703720093,,,,,
29,9249,,,,1.2133351564407349,,,,,
29,9299,,,,1.2523168325424194,,,,,
29,9349,,,,1.2296745777130127,,,,,
29,9399,,,,1.387694239616394,,,,,
29,9449,,,,1.2557867765426636,,,,,
29,9449,,,,,,0.6621109247207642,0.6840657591819763,1.625916600227356,0.5045159459114075
29,9449,0.7923194766044617,0.7910549640655518,1.3676884174346924,,0.6597074270248413,,,,
30,9499,,,,1.8329036235809326,,,,,
30,9549,,,,1.3103270530700684,,,,,
30,9599,,,,1.3807940483093262,,,,,
30,9649,,,,1.2879047393798828,,,,,
30,9699,,,,1.448685646057129,,,,,
30,9749,,,,1.5205750465393066,,,,,
30,9764,,,,,,0.6707687973976135,0.698022723197937,1.5378566980361938,0.5141943097114563
30,9764,0.7963827252388,0.7945863008499146,1.394113302230835,,0.6651349663734436,,,,
31,9799,,,,1.4492912292480469,,,,,
31,9849,,,,1.5214625597000122,,,,,
31,9899,,,,1.3141928911209106,,,,,
31,9949,,,,1.156602144241333,,,,,
31,9999,,,,1.457761287689209,,,,,
31,10049,,,,1.5015841722488403,,,,,
31,10079,,,,,,0.6496610045433044,0.6760184168815613,1.681113839149475,0.4922526478767395
31,10079,0.7956791520118713,0.7911761403083801,1.428541898727417,,0.6639182567596436,,,,
32,10099,,,,1.356154203414917,,,,,
32,10149,,,,1.395003318786621,,,,,
32,10199,,,,1.3106606006622314,,,,,
32,10249,,,,1.5907496213912964,,,,,
32,10299,,,,1.3143372535705566,,,,,
32,10349,,,,1.585503339767456,,,,,
32,10394,,,,,,0.6493292450904846,0.6812899112701416,1.6517083644866943,0.4936293661594391
32,10394,0.8023877739906311,0.7979511022567749,1.4221025705337524,,0.6728836297988892,,,,
33,10399,,,,1.232959508895874,,,,,
33,10449,,,,1.1807233095169067,,,,,
33,10499,,,,1.4803917407989502,,,,,
33,10549,,,,1.3075796365737915,,,,,
33,10599,,,,1.3779658079147339,,,,,
33,10649,,,,1.5032597780227661,,,,,
33,10699,,,,1.3296236991882324,,,,,
33,10709,,,,,,0.6551501750946045,0.6846811771392822,1.6760581731796265,0.4979791045188904
33,10709,0.8024079203605652,0.8014071583747864,1.4169864654541016,,0.6731933951377869,,,,
34,10749,,,,1.451168179512024,,,,,
34,10799,,,,1.7643628120422363,,,,,
34,10849,,,,1.6880216598510742,,,,,
34,10899,,,,1.1056922674179077,,,,,
34,10949,,,,1.618709921836853,,,,,
34,10999,,,,1.7411448955535889,,,,,
34,11024,,,,,,0.6649594306945801,0.6978629231452942,1.5949618816375732,0.5082377791404724
34,11024,0.8004297614097595,0.7962417006492615,1.4474151134490967,,0.669907808303833,,,,
35,11049,,,,1.2111490964889526,,,,,
35,11099,,,,1.3575243949890137,,,,,
35,11149,,,,1.4851194620132446,,,,,
35,11199,,,,1.3675612211227417,,,,,
35,11249,,,,1.3347041606903076,,,,,
35,11299,,,,1.4359583854675293,,,,,
35,11339,,,,,,0.6562817692756653,0.6857445240020752,1.6339197158813477,0.4991339147090912
35,11339,0.8031695485115051,0.800972580909729,1.427039623260498,,0.6745144724845886,,,,
36,11349,,,,1.3677294254302979,,,,,
36,11399,,,,1.65348219871521,,,,,
36,11449,,,,1.6148229837417603,,,,,
36,11499,,,,1.3090388774871826,,,,,
36,11549,,,,1.6296391487121582,,,,,
36,11599,,,,1.3881852626800537,,,,,
36,11649,,,,1.6980892419815063,,,,,
36,11654,,,,,,0.6551883220672607,0.6880594491958618,1.653566598892212,0.49844685196876526
36,11654,0.8052325248718262,0.7985174655914307,1.420591115951538,,0.6766008734703064,,,,
37,11699,,,,1.3775160312652588,,,,,
37,11749,,,,1.2975873947143555,,,,,
37,11799,,,,1.2359987497329712,,,,,
37,11849,,,,1.119579792022705,,,,,
37,11899,,,,1.1284362077713013,,,,,
37,11949,,,,1.2066556215286255,,,,,
37,11969,,,,,,0.6498256921768188,0.6817789077758789,1.6933014392852783,0.4935998022556305
37,11969,0.8088555932044983,0.8043948411941528,1.3449382781982422,,0.6820576190948486,,,,
38,11999,,,,1.1242263317108154,,,,,
38,12049,,,,1.2124937772750854,,,,,
38,12099,,,,1.3054875135421753,,,,,
38,12149,,,,1.5827451944351196,,,,,
38,12199,,,,1.4981805086135864,,,,,
38,12249,,,,1.4532670974731445,,,,,
38,12284,,,,,,0.6533900499343872,0.6866136789321899,1.6790614128112793,0.49702006578445435
38,12284,0.8080771565437317,0.8028830885887146,1.3170511722564697,,0.6808807253837585,,,,
39,12299,,,,1.269697904586792,,,,,
39,12349,,,,0.9851627349853516,,,,,
39,12399,,,,1.0854599475860596,,,,,
39,12449,,,,1.2267502546310425,,,,,
39,12499,,,,1.2969557046890259,,,,,
39,12549,,,,1.1975197792053223,,,,,
39,12599,,,,1.4597359895706177,,,,,
39,12599,,,,,,0.6479173898696899,0.685279369354248,1.7036499977111816,0.49224138259887695
39,12599,0.809727132320404,0.8052559494972229,1.2951525449752808,,0.6830952763557434,,,,
40,12649,,,,1.4167243242263794,,,,,
40,12699,,,,1.0782039165496826,,,,,
40,12749,,,,1.0730843544006348,,,,,
40,12799,,,,1.0809959173202515,,,,,
40,12849,,,,1.1486785411834717,,,,,
40,12899,,,,1.0814518928527832,,,,,
40,12914,,,,,,0.6575579047203064,0.6882832050323486,1.6295452117919922,0.5018317699432373
40,12914,0.8123923540115356,0.8079540133476257,1.2839223146438599,,0.6868274807929993,,,,
41,12949,,,,1.4138774871826172,,,,,
41,12999,,,,1.4820024967193604,,,,,
41,13049,,,,1.330797791481018,,,,,
41,13099,,,,1.2211921215057373,,,,,
41,13149,,,,1.6589717864990234,,,,,
41,13199,,,,1.346620798110962,,,,,
41,13229,,,,,,0.6437107920646667,0.6896174550056458,1.6725164651870728,0.4897765815258026
41,13229,0.8135746717453003,0.8095645904541016,1.3914711475372314,,0.6884156465530396,,,,
42,13249,,,,1.377913475036621,,,,,
42,13299,,,,1.2159759998321533,,,,,
42,13349,,,,1.1327342987060547,,,,,
42,13399,,,,1.2207231521606445,,,,,
42,13449,,,,1.324508786201477,,,,,
42,13499,,,,1.3949264287948608,,,,,
42,13544,,,,,,0.6623063087463379,0.687986433506012,1.6706360578536987,0.5048271417617798
42,13544,0.8138983845710754,0.8101809024810791,1.3924728631973267,,0.6890856623649597,,,,
43,13549,,,,1.3916079998016357,,,,,
43,13599,,,,1.7698636054992676,,,,,
43,13649,,,,2.2741191387176514,,,,,
43,13699,,,,1.5921757221221924,,,,,
43,13749,,,,1.7028604745864868,,,,,
43,13799,,,,1.5776950120925903,,,,,
43,13849,,,,1.3206510543823242,,,,,
43,13859,,,,,,0.657624363899231,0.6935740113258362,1.677581787109375,0.5004568099975586
43,13859,0.816245973110199,0.8118818998336792,1.3937455415725708,,0.692171037197113,,,,
44,13899,,,,1.5074284076690674,,,,,
44,13949,,,,1.303420066833496,,,,,
44,13999,,,,1.1528059244155884,,,,,
44,14049,,,,1.287481427192688,,,,,
44,14099,,,,1.3687565326690674,,,,,
44,14149,,,,1.2066075801849365,,,,,
44,14174,,,,,,0.6504577398300171,0.6844691634178162,1.6779003143310547,0.4943232238292694
44,14174,0.8153003454208374,0.8120826482772827,1.392983078956604,,0.6909921765327454,,,,
45,14199,,,,1.360031247138977,,,,,
45,14249,,,,1.3618996143341064,,,,,
45,14299,,,,1.1814017295837402,,,,,
45,14349,,,,1.7511518001556396,,,,,
45,14399,,,,1.6029925346374512,,,,,
45,14449,,,,1.2362279891967773,,,,,
45,14489,,,,,,0.6603925824165344,0.6976144909858704,1.5884195566177368,0.506197452545166
45,14489,0.8160489797592163,0.8113791942596436,1.4099270105361938,,0.6918637156486511,,,,
46,14499,,,,1.3973655700683594,,,,,
46,14549,,,,1.6132497787475586,,,,,
46,14599,,,,1.261901617050171,,,,,
46,14649,,,,1.2401325702667236,,,,,
46,14699,,,,1.2822688817977905,,,,,
46,14749,,,,1.2519583702087402,,,,,
46,14799,,,,1.2359511852264404,,,,,
46,14804,,,,,,0.6556152105331421,0.6846107244491577,1.7266513109207153,0.49955934286117554
46,14804,0.8212422132492065,0.8165425658226013,1.389200210571289,,0.6991992592811584,,,,
47,14849,,,,1.2069981098175049,,,,,
47,14899,,,,1.1056734323501587,,,,,
47,14949,,,,1.4645529985427856,,,,,
47,14999,,,,1.165206789970398,,,,,
47,15049,,,,1.32304847240448,,,,,
47,15099,,,,1.333397626876831,,,,,
47,15119,,,,,,0.6596783399581909,0.6843382120132446,1.7434618473052979,0.502890408039093
47,15119,0.8242906332015991,0.8180217146873474,1.347318172454834,,0.7035526037216187,,,,
48,15149,,,,1.1823023557662964,,,,,
48,15199,,,,1.083289384841919,,,,,
48,15249,,,,1.133339285850525,,,,,
48,15299,,,,1.898133635520935,,,,,
48,15349,,,,1.387596607208252,,,,,
48,15399,,,,1.3421413898468018,,,,,
48,15434,,,,,,0.6598072052001953,0.6854852437973022,1.672472596168518,0.5031149387359619
48,15434,0.8197447061538696,0.8146990537643433,1.3085339069366455,,0.6973511576652527,,,,
49,15449,,,,1.3711233139038086,,,,,
49,15499,,,,1.239993929862976,,,,,
49,15549,,,,1.1889623403549194,,,,,
49,15599,,,,1.2800633907318115,,,,,
49,15649,,,,1.0803096294403076,,,,,
49,15699,,,,1.8055607080459595,,,,,
49,15749,,,,1.0582282543182373,,,,,
49,15749,,,,,,0.6558836102485657,0.6848469972610474,1.724236011505127,0.4984211027622223
49,15749,0.82283616065979,0.81871098279953,1.269399642944336,,0.7017077207565308,,,,
50,15799,,,,0.9921030402183533,,,,,
50,15849,,,,1.2093815803527832,,,,,
50,15899,,,,1.1351256370544434,,,,,
50,15949,,,,1.3826639652252197,,,,,
50,15999,,,,1.0042970180511475,,,,,
50,16049,,,,1.2553741931915283,,,,,
50,16064,,,,,,0.6507948040962219,0.687593936920166,1.7656638622283936,0.4950110912322998
50,16064,0.8266540169715881,0.8210631012916565,1.255929946899414,,0.7069433331489563,,,,
51,16099,,,,1.3581719398498535,,,,,
51,16149,,,,1.377151608467102,,,,,
51,16199,,,,1.6567862033843994,,,,,
51,16249,,,,1.3499661684036255,,,,,
51,16299,,,,1.699295997619629,,,,,
51,16349,,,,1.2263439893722534,,,,,
51,16379,,,,,,0.6641732454299927,0.6892389059066772,1.7540100812911987,0.5082641839981079
51,16379,0.8268391489982605,0.8220071792602539,1.2543224096298218,,0.7073549628257751,,,,
52,16399,,,,1.2494854927062988,,,,,
52,16449,,,,1.333527684211731,,,,,
52,16499,,,,1.6923916339874268,,,,,
52,16549,,,,1.3997492790222168,,,,,
52,16599,,,,1.634089469909668,,,,,
52,16649,,,,1.2632867097854614,,,,,
52,16694,,,,,,0.6453620195388794,0.6778180599212646,1.7918781042099,0.486127644777298
52,16694,0.8282509446144104,0.8238199949264526,1.2439360618591309,,0.7094449996948242,,,,
53,16699,,,,1.184594988822937,,,,,
53,16749,,,,1.4262176752090454,,,,,
53,16799,,,,1.3019838333129883,,,,,
53,16849,,,,1.2402713298797607,,,,,
53,16899,,,,1.3779159784317017,,,,,
53,16949,,,,1.3471276760101318,,,,,
53,16999,,,,1.244340419769287,,,,,
53,17009,,,,,,0.6628772020339966,0.6891865730285645,1.6816372871398926,0.5061741471290588
53,17009,0.8272668123245239,0.8235647082328796,1.2315763235092163,,0.7079100012779236,,,,
54,17049,,,,1.1460620164871216,,,,,
54,17099,,,,0.9757741689682007,,,,,
54,17149,,,,1.3316707611083984,,,,,
54,17199,,,,0.9929457902908325,,,,,
54,17249,,,,1.09139084815979,,,,,
54,17299,,,,1.3132305145263672,,,,,
54,17324,,,,,,0.6639786958694458,0.689485490322113,1.6985474824905396,0.5081123113632202
54,17324,0.8291500210762024,0.8229560256004333,1.2058806419372559,,0.710211455821991,,,,
55,17349,,,,1.4355933666229248,,,,,
55,17399,,,,1.330804705619812,,,,,
55,17449,,,,1.3922066688537598,,,,,
55,17499,,,,1.1799442768096924,,,,,
55,17549,,,,1.4329395294189453,,,,,
55,17599,,,,1.3464347124099731,,,,,
55,17639,,,,,,0.6548206806182861,0.6833295822143555,1.7889245748519897,0.49949395656585693
55,17639,0.8273150324821472,0.8231598734855652,1.2175039052963257,,0.7076650857925415,,,,
56,17649,,,,1.228095531463623,,,,,
56,17699,,,,1.3000259399414062,,,,,
56,17749,,,,1.3283700942993164,,,,,
56,17799,,,,1.2233446836471558,,,,,
56,17849,,,,1.2592077255249023,,,,,
56,17899,,,,1.717494249343872,,,,,
56,17949,,,,1.2970222234725952,,,,,
56,17954,,,,,,0.6690086722373962,0.6952239871025085,1.6793369054794312,0.5137258172035217
56,17954,0.830582857131958,0.825543999671936,1.195494294166565,,0.7127817273139954,,,,
57,17999,,,,0.9196588397026062,,,,,
57,18049,,,,1.1640480756759644,,,,,
57,18099,,,,1.2626749277114868,,,,,
57,18149,,,,1.1289461851119995,,,,,
57,18199,,,,1.1655162572860718,,,,,
57,18249,,,,1.0696580410003662,,,,,
57,18269,,,,,,0.6581006646156311,0.689760148525238,1.6681714057922363,0.5044023394584656
57,18269,0.8337556719779968,0.8282691240310669,1.1761873960494995,,0.7174587845802307,,,,
58,18299,,,,1.0642824172973633,,,,,
58,18349,,,,1.0220508575439453,,,,,
58,18399,,,,1.0251442193984985,,,,,
58,18449,,,,1.3416739702224731,,,,,
58,18499,,,,1.1397289037704468,,,,,
58,18549,,,,1.197863221168518,,,,,
58,18584,,,,,,0.6550513505935669,0.6859069466590881,1.703600287437439,0.499860554933548
58,18584,0.8291577100753784,0.8262835144996643,1.1900593042373657,,0.7109848856925964,,,,
59,18599,,,,1.4575227499008179,,,,,
59,18649,,,,1.1180915832519531,,,,,
59,18699,,,,1.0228173732757568,,,,,
59,18749,,,,1.2972726821899414,,,,,
59,18799,,,,1.3785312175750732,,,,,
59,18849,,,,1.1708042621612549,,,,,
59,18899,,,,1.0145173072814941,,,,,
59,18899,,,,,,0.6581541895866394,0.6913133859634399,1.7909427881240845,0.5023736953735352
59,18899,0.8325874209403992,0.8279296159744263,1.1866543292999268,,0.7156282663345337,,,,
60,18949,,,,1.1233762502670288,,,,,
60,18999,,,,1.2260398864746094,,,,,
60,19049,,,,1.1761120557785034,,,,,
60,19099,,,,0.9107134342193604,,,,,
60,19149,,,,0.9985836744308472,,,,,
60,19199,,,,1.3625750541687012,,,,,
60,19214,,,,,,0.6498932838439941,0.6880027651786804,1.7812966108322144,0.4953576326370239
60,19214,0.8372366428375244,0.8306615948677063,1.1659191846847534,,0.722163736820221,,,,
61,19249,,,,1.0547538995742798,,,,,
61,19299,,,,1.106807827949524,,,,,
61,19349,,,,1.4080222845077515,,,,,
61,19399,,,,1.2476078271865845,,,,,
61,19449,,,,1.0672937631607056,,,,,
61,19499,,,,0.9933190941810608,,,,,
61,19529,,,,,,0.6537092328071594,0.6881009340286255,1.7451362609863281,0.497988760471344
61,19529,0.835024356842041,0.8278067111968994,1.1755415201187134,,0.7187545299530029,,,,
62,19549,,,,1.0975134372711182,,,,,
62,19599,,,,0.929719090461731,,,,,
62,19649,,,,0.9706018567085266,,,,,
62,19699,,,,1.031252145767212,,,,,
62,19749,,,,1.1266409158706665,,,,,
62,19799,,,,1.4139366149902344,,,,,
62,19844,,,,,,0.6682160496711731,0.6937376856803894,1.6646080017089844,0.5129115581512451
62,19844,0.8355056047439575,0.8302171230316162,1.1701743602752686,,0.7195667028427124,,,,
63,19849,,,,1.111689567565918,,,,,
63,19899,,,,1.136215329170227,,,,,
63,19949,,,,1.1042535305023193,,,,,
63,19999,,,,1.186108946800232,,,,,
63,20049,,,,0.9530176520347595,,,,,
63,20099,,,,1.2178990840911865,,,,,
63,20149,,,,1.1218724250793457,,,,,
63,20159,,,,,,0.6657541394233704,0.692527174949646,1.6821379661560059,0.510172426700592
63,20159,0.8359024524688721,0.8307979702949524,1.1599823236465454,,0.7202353477478027,,,,
64,20199,,,,1.501428246498108,,,,,
64,20249,,,,0.8760826587677002,,,,,
64,20299,,,,1.4693630933761597,,,,,
64,20349,,,,0.9184440970420837,,,,,
64,20399,,,,1.230635404586792,,,,,
64,20449,,,,1.0660053491592407,,,,,
64,20474,,,,,,0.6629431247711182,0.6944843530654907,1.6656283140182495,0.5081353187561035
64,20474,0.8361741304397583,0.8311895132064819,1.1649740934371948,,0.7209474444389343,,,,
65,20499,,,,1.1289199590682983,,,,,
65,20549,,,,1.0218851566314697,,,,,
65,20599,,,,1.2035629749298096,,,,,
65,20649,,,,1.1138709783554077,,,,,
65,20699,,,,1.3146663904190063,,,,,
65,20749,,,,1.1747723817825317,,,,,
65,20789,,,,,,0.6662264466285706,0.7014039754867554,1.6310992240905762,0.5114552974700928
65,20789,0.8364961743354797,0.8304182887077332,1.1593139171600342,,0.7211300134658813,,,,
66,20799,,,,1.0549277067184448,,,,,
66,20849,,,,1.4217841625213623,,,,,
66,20899,,,,1.1174447536468506,,,,,
66,20949,,,,1.1227812767028809,,,,,
66,20999,,,,1.17100191116333,,,,,
66,21049,,,,1.157059669494629,,,,,
66,21099,,,,1.3649569749832153,,,,,
66,21104,,,,,,0.6641665101051331,0.6893366575241089,1.7101951837539673,0.5072470307350159
66,21104,0.8378118276596069,0.8333230018615723,1.1552094221115112,,0.7232242822647095,,,,
67,21149,,,,0.8840879201889038,,,,,
67,21199,,,,1.3354378938674927,,,,,
67,21249,,,,1.2751470804214478,,,,,
67,21299,,,,1.2574241161346436,,,,,
67,21349,,,,1.3162798881530762,,,,,
67,21399,,,,0.9896898865699768,,,,,
67,21419,,,,,,0.6591405868530273,0.6965951919555664,1.665338158607483,0.5057759284973145
67,21419,0.8386973142623901,0.8331596255302429,1.1481107473373413,,0.7244053483009338,,,,
68,21449,,,,1.1369848251342773,,,,,
68,21499,,,,1.2304959297180176,,,,,
68,21549,,,,1.123489260673523,,,,,
68,21599,,,,1.2963049411773682,,,,,
68,21649,,,,1.1697582006454468,,,,,
68,21699,,,,1.1081199645996094,,,,,
68,21734,,,,,,0.6509042978286743,0.6907767653465271,1.7245653867721558,0.49823203682899475
68,21734,0.83840012550354,0.8341745734214783,1.1462973356246948,,0.7241343855857849,,,,
69,21749,,,,1.1659181118011475,,,,,
69,21799,,,,1.1205108165740967,,,,,
69,21849,,,,1.3145675659179688,,,,,
69,21899,,,,0.9774739742279053,,,,,
69,21949,,,,1.2027897834777832,,,,,
69,21999,,,,1.0885287523269653,,,,,
69,22049,,,,1.1925594806671143,,,,,
69,22049,,,,,,0.6635838747024536,0.6899240612983704,1.7158201932907104,0.5087729096412659
69,22049,0.8376325368881226,0.8319946527481079,1.1545811891555786,,0.7228654623031616,,,,
70,22099,,,,1.3408987522125244,,,,,
70,22149,,,,1.1548559665679932,,,,,
70,22199,,,,1.0663132667541504,,,,,
70,22249,,,,1.2443333864212036,,,,,
70,22299,,,,1.404945969581604,,,,,
70,22349,,,,1.344342589378357,,,,,
70,22364,,,,,,0.6667050719261169,0.6931099891662598,1.7155697345733643,0.5115567445755005
70,22364,0.841011106967926,0.8362722396850586,1.143654465675354,,0.727862536907196,,,,
71,22399,,,,1.0604796409606934,,,,,
71,22449,,,,1.4441859722137451,,,,,
71,22499,,,,1.2118120193481445,,,,,
71,22549,,,,1.0070514678955078,,,,,
71,22599,,,,1.2533016204833984,,,,,
71,22649,,,,1.215735912322998,,,,,
71,22679,,,,,,0.6565947532653809,0.687800943851471,1.773444652557373,0.5025063753128052
71,22679,0.8414896726608276,0.8356896638870239,1.142635703086853,,0.7284811735153198,,,,
72,22699,,,,0.7296672463417053,,,,,
72,22749,,,,0.9864316582679749,,,,,
72,22799,,,,1.0397019386291504,,,,,
72,22849,,,,0.9984219074249268,,,,,
72,22899,,,,1.033614993095398,,,,,
72,22949,,,,1.0407078266143799,,,,,
72,22994,,,,,,0.6594429016113281,0.6922365427017212,1.7057650089263916,0.5052032470703125
72,22994,0.843153715133667,0.8375298976898193,1.1318522691726685,,0.7308818697929382,,,,
73,22999,,,,1.0940866470336914,,,,,
73,23049,,,,1.1570435762405396,,,,,
73,23099,,,,0.8404173254966736,,,,,
73,23149,,,,1.1682865619659424,,,,,
73,23199,,,,0.7853243350982666,,,,,
73,23249,,,,1.244274616241455,,,,,
73,23299,,,,1.2092198133468628,,,,,
73,23309,,,,,,0.6673192381858826,0.6943583488464355,1.6407098770141602,0.5118637681007385
73,23309,0.8411151170730591,0.8355632424354553,1.1435179710388184,,0.7278262376785278,,,,
74,23349,,,,1.4602007865905762,,,,,
74,23399,,,,1.58098304271698,,,,,
74,23449,,,,1.1450212001800537,,,,,
74,23499,,,,1.0070234537124634,,,,,
74,23549,,,,1.0713269710540771,,,,,
74,23599,,,,1.099314570426941,,,,,
74,23624,,,,,,0.6585139632225037,0.6958371996879578,1.6462364196777344,0.5058850049972534
74,23624,0.8443030118942261,0.8373776078224182,1.125637412071228,,0.7325905561447144,,,,
75,23649,,,,1.0766865015029907,,,,,
75,23699,,,,1.0997475385665894,,,,,
75,23749,,,,1.2949457168579102,,,,,
75,23799,,,,1.0903264284133911,,,,,
75,23849,,,,1.0761440992355347,,,,,
75,23899,,,,1.076606035232544,,,,,
75,23939,,,,,,0.6586039662361145,0.6867114305496216,1.7777220010757446,0.503391683101654
75,23939,0.8445404767990112,0.8395484089851379,1.126407265663147,,0.733019232749939,,,,
76,23949,,,,1.0365904569625854,,,,,
76,23999,,,,1.2138359546661377,,,,,
76,24049,,,,1.2872111797332764,,,,,
76,24099,,,,1.076442837715149,,,,,
76,24149,,,,1.058440923690796,,,,,
76,24199,,,,1.1571550369262695,,,,,
76,24249,,,,1.0682168006896973,,,,,
76,24254,,,,,,0.660834789276123,0.6910470128059387,1.7304224967956543,0.5060521364212036
76,24254,0.8422898054122925,0.8367516398429871,1.1341173648834229,,0.7295348048210144,,,,
77,24299,,,,1.0338757038116455,,,,,
77,24349,,,,1.0984019041061401,,,,,
77,24399,,,,1.079525113105774,,,,,
77,24449,,,,1.1477041244506836,,,,,
77,24499,,,,1.107313632965088,,,,,
77,24549,,,,1.0966379642486572,,,,,
77,24569,,,,,,0.6600250005722046,0.6934137344360352,1.7093555927276611,0.5058178901672363
77,24569,0.84461909532547,0.8386868238449097,1.1282856464385986,,0.7330688238143921,,,,
78,24599,,,,1.3339430093765259,,,,,
78,24649,,,,1.3974157571792603,,,,,
78,24699,,,,1.0808974504470825,,,,,
78,24749,,,,1.2313605546951294,,,,,
78,24799,,,,1.1663798093795776,,,,,
78,24849,,,,1.064167857170105,,,,,
78,24884,,,,,,0.6621828675270081,0.6959695219993591,1.6905336380004883,0.5083911418914795
78,24884,0.8452693223953247,0.8389680981636047,1.1234380006790161,,0.7342363595962524,,,,
79,24899,,,,1.417448878288269,,,,,
79,24949,,,,1.1572908163070679,,,,,
79,24999,,,,1.1142053604125977,,,,,
79,25049,,,,1.1321393251419067,,,,,
79,25099,,,,1.219199538230896,,,,,
79,25149,,,,0.9111658930778503,,,,,
79,25199,,,,1.2700202465057373,,,,,
79,25199,,,,,,0.6639260053634644,0.6939490437507629,1.718753457069397,0.5094835758209229
79,25199,0.8442275524139404,0.8389872312545776,1.1308332681655884,,0.7325368523597717,,,,
80,25249,,,,0.9524673819541931,,,,,
80,25299,,,,1.2080731391906738,,,,,
80,25349,,,,1.0308793783187866,,,,,
80,25399,,,,1.344687581062317,,,,,
80,25449,,,,1.0291184186935425,,,,,
80,25499,,,,1.0347728729248047,,,,,
80,25514,,,,,,0.6609945893287659,0.6928843259811401,1.719353199005127,0.5064662098884583
80,25514,0.8470752835273743,0.8410577774047852,1.1176315546035767,,0.7365065217018127,,,,
81,25549,,,,1.1065367460250854,,,,,
81,25599,,,,1.2554763555526733,,,,,
81,25649,,,,1.0817068815231323,,,,,
81,25699,,,,1.0248022079467773,,,,,
81,25749,,,,1.2701544761657715,,,,,
81,25799,,,,1.3632216453552246,,,,,
81,25829,,,,,,0.6640235781669617,0.6938137412071228,1.6969088315963745,0.5087804198265076
81,25829,0.8469691276550293,0.8411131501197815,1.1140265464782715,,0.7364697456359863,,,,
82,25849,,,,1.0975309610366821,,,,,
82,25899,,,,0.9742982983589172,,,,,
82,25949,,,,0.9961754679679871,,,,,
82,25999,,,,0.809965193271637,,,,,
82,26049,,,,1.067487120628357,,,,,
82,26099,,,,0.9252126216888428,,,,,
82,26144,,,,,,0.659710705280304,0.691828191280365,1.7353966236114502,0.5056295394897461
82,26144,0.8438770771026611,0.83929443359375,1.1204599142074585,,0.7320775985717773,,,,
83,26149,,,,1.1662139892578125,,,,,
83,26199,,,,1.393436074256897,,,,,
83,26249,,,,1.1076226234436035,,,,,
83,26299,,,,1.0021229982376099,,,,,
83,26349,,,,1.4300540685653687,,,,,
83,26399,,,,1.2094953060150146,,,,,
83,26449,,,,1.5107216835021973,,,,,
83,26459,,,,,,0.6564371585845947,0.6896374225616455,1.7441502809524536,0.5024325251579285
83,26459,0.8464507460594177,0.8413699269294739,1.1088732481002808,,0.735963761806488,,,,
84,26499,,,,1.1009520292282104,,,,,
84,26549,,,,1.0576648712158203,,,,,
84,26599,,,,1.1354763507843018,,,,,
84,26649,,,,0.9363434314727783,,,,,
84,26699,,,,0.9581046104431152,,,,,
84,26749,,,,1.0882811546325684,,,,,
84,26774,,,,,,0.664712131023407,0.6909638047218323,1.7201460599899292,0.5089417695999146
84,26774,0.8480127453804016,0.8406408429145813,1.105183720588684,,0.7379968762397766,,,,
85,26799,,,,1.6897674798965454,,,,,
85,26849,,,,1.1258288621902466,,,,,
85,26899,,,,1.0433391332626343,,,,,
85,26949,,,,1.434753179550171,,,,,
85,26999,,,,1.001993179321289,,,,,
85,27049,,,,0.7922303676605225,,,,,
85,27089,,,,,,0.6620228886604309,0.6925919651985168,1.7486628293991089,0.5073733329772949
85,27089,0.8465923070907593,0.8426778316497803,1.108143925666809,,0.7360501289367676,,,,
86,27099,,,,1.132685899734497,,,,,
86,27149,,,,1.079134464263916,,,,,
86,27199,,,,1.0126150846481323,,,,,
86,27249,,,,1.097232460975647,,,,,
86,27299,,,,1.169762134552002,,,,,
86,27349,,,,1.0626081228256226,,,,,
86,27399,,,,1.1847554445266724,,,,,
86,27404,,,,,,0.6588625311851501,0.6928778290748596,1.7386566400527954,0.505202054977417
86,27404,0.849316418170929,0.8421851992607117,1.1083320379257202,,0.7401323318481445,,,,
87,27449,,,,0.9331154823303223,,,,,
87,27499,,,,1.1581802368164062,,,,,
87,27549,,,,1.010401725769043,,,,,
87,27599,,,,0.8789555430412292,,,,,
87,27649,,,,1.0986844301223755,,,,,
87,27699,,,,0.9363977909088135,,,,,
87,27719,,,,,,0.6637406349182129,0.6933767199516296,1.712861180305481,0.508612871170044
87,27719,0.8482670783996582,0.8421951532363892,1.1127252578735352,,0.7385067939758301,,,,
88,27749,,,,1.4233810901641846,,,,,
88,27799,,,,1.0048720836639404,,,,,
88,27849,,,,1.081838846206665,,,,,
88,27899,,,,1.036021113395691,,,,,
88,27949,,,,1.1494576930999756,,,,,
88,27999,,,,1.5429511070251465,,,,,
88,28034,,,,,,0.6626840829849243,0.6925929188728333,1.7251893281936646,0.5078473687171936
88,28034,0.8476099371910095,0.8414259552955627,1.1102312803268433,,0.7375830411911011,,,,
89,28049,,,,0.8874914050102234,,,,,
89,28099,,,,1.1807465553283691,,,,,
89,28149,,,,0.9199916124343872,,,,,
89,28199,,,,0.993520975112915,,,,,
89,28249,,,,0.6978076696395874,,,,,
89,28299,,,,0.7971329092979431,,,,,
89,28349,,,,1.1069315671920776,,,,,
89,28349,,,,,,0.6628304123878479,0.69499272108078,1.720548391342163,0.5086454749107361
89,28349,0.849791944026947,0.843850314617157,1.1016215085983276,,0.7409452795982361,,,,
90,28399,,,,1.20645272731781,,,,,
90,28449,,,,1.1115200519561768,,,,,
90,28499,,,,1.251786231994629,,,,,
90,28549,,,,1.0245399475097656,,,,,
90,28599,,,,1.1363271474838257,,,,,
90,28649,,,,1.1046264171600342,,,,,
90,28664,,,,,,0.6608831882476807,0.6931350827217102,1.7301247119903564,0.5065054893493652
90,28664,0.8464487195014954,0.8422150611877441,1.1170521974563599,,0.7358160614967346,,,,
91,28699,,,,0.9820449948310852,,,,,
91,28749,,,,1.3695968389511108,,,,,
91,28799,,,,0.9338043332099915,,,,,
91,28849,,,,0.9549119472503662,,,,,
91,28899,,,,1.1389150619506836,,,,,
91,28949,,,,1.2359237670898438,,,,,
91,28979,,,,,,0.663263738155365,0.6920163631439209,1.7138912677764893,0.5083784461021423
91,28979,0.8457238078117371,0.8412402272224426,1.1119458675384521,,0.7346658110618591,,,,
92,28999,,,,1.357981562614441,,,,,
92,29049,,,,0.8829891085624695,,,,,
92,29099,,,,1.059959888458252,,,,,
92,29149,,,,1.0180656909942627,,,,,
92,29199,,,,1.126903772354126,,,,,
92,29249,,,,1.2857789993286133,,,,,
92,29294,,,,,,0.6633806824684143,0.6920220255851746,1.7308862209320068,0.5082252025604248
92,29294,0.8471941947937012,0.8416216373443604,1.1169413328170776,,0.736985981464386,,,,
93,29299,,,,1.1711938381195068,,,,,
93,29349,,,,1.266587257385254,,,,,
93,29399,,,,1.0654441118240356,,,,,
93,29449,,,,1.4022691249847412,,,,,
93,29499,,,,1.1523000001907349,,,,,
93,29549,,,,1.1518102884292603,,,,,
93,29599,,,,1.3634759187698364,,,,,
93,29609,,,,,,0.6601862907409668,0.6920508146286011,1.737722635269165,0.5054658055305481
93,29609,0.8470937609672546,0.8421083688735962,1.11215078830719,,0.7366536855697632,,,,
94,29649,,,,1.0429712533950806,,,,,
94,29699,,,,1.010124683380127,,,,,
94,29749,,,,1.0970728397369385,,,,,
94,29799,,,,0.9414160847663879,,,,,
94,29849,,,,0.9914138913154602,,,,,
94,29899,,,,1.1010334491729736,,,,,
94,29924,,,,,,0.6615206003189087,0.6917913556098938,1.7330281734466553,0.5067082047462463
94,29924,0.8479452133178711,0.8431020975112915,1.1118900775909424,,0.7382741570472717,,,,
95,29949,,,,1.2616008520126343,,,,,
95,29999,,,,1.0782041549682617,,,,,
95,30049,,,,1.3835707902908325,,,,,
95,30099,,,,1.1941039562225342,,,,,
95,30149,,,,1.0197696685791016,,,,,
95,30199,,,,0.8689559102058411,,,,,
